--------------------------------------------------------
--  Fichier créé - dimanche-mai-02-2021   
--------------------------------------------------------
--------------------------------------------------------
--  DDL for Table CADEAU
--------------------------------------------------------

  CREATE TABLE "MARWA"."CADEAU" 
   (	"ID" VARCHAR2(20 BYTE), 
	"CATEGORIE" VARCHAR2(20 BYTE), 
	"SOMME" VARCHAR2(20 BYTE), 
	"NB" VARCHAR2(20 BYTE)
   ) PCTFREE 10 PCTUSED 40 INITRANS 1 MAXTRANS 255 NOCOMPRESS LOGGING
  STORAGE(INITIAL 65536 NEXT 1048576 MINEXTENTS 1 MAXEXTENTS 2147483645
  PCTINCREASE 0 FREELISTS 1 FREELIST GROUPS 1 BUFFER_POOL DEFAULT)
  TABLESPACE "SYSTEM" ;
--------------------------------------------------------
--  DDL for Table CATEGORIES
--------------------------------------------------------

  CREATE TABLE "MARWA"."CATEGORIES" 
   (	"NOM_CATEGORIE" VARCHAR2(30 BYTE), 
	"DATE_FAB" VARCHAR2(20 BYTE), 
	"PRIX" FLOAT(126), 
	"DATE_PER" VARCHAR2(20 BYTE), 
	"NBR" VARCHAR2(20 BYTE)
   ) PCTFREE 10 PCTUSED 40 INITRANS 1 MAXTRANS 255 NOCOMPRESS LOGGING
  STORAGE(INITIAL 65536 NEXT 1048576 MINEXTENTS 1 MAXEXTENTS 2147483645
  PCTINCREASE 0 FREELISTS 1 FREELIST GROUPS 1 BUFFER_POOL DEFAULT)
  TABLESPACE "SYSTEM" ;
--------------------------------------------------------
--  DDL for Table CLIENT
--------------------------------------------------------

  CREATE TABLE "MARWA"."CLIENT" 
   (	"MATRICULE" VARCHAR2(20 BYTE), 
	"NOM" VARCHAR2(20 BYTE), 
	"PRENOM" VARCHAR2(20 BYTE), 
	"ADRESSE" VARCHAR2(20 BYTE), 
	"TEL" VARCHAR2(20 BYTE), 
	"PTS" NUMBER, 
	"ID_CADEAU" VARCHAR2(20 BYTE)
   ) PCTFREE 10 PCTUSED 40 INITRANS 1 MAXTRANS 255 NOCOMPRESS LOGGING
  STORAGE(INITIAL 65536 NEXT 1048576 MINEXTENTS 1 MAXEXTENTS 2147483645
  PCTINCREASE 0 FREELISTS 1 FREELIST GROUPS 1 BUFFER_POOL DEFAULT)
  TABLESPACE "SYSTEM" ;
--------------------------------------------------------
--  DDL for Table COMMANDES
--------------------------------------------------------

  CREATE TABLE "MARWA"."COMMANDES" 
   (	"ID_COM" NUMBER, 
	"NOM_CL" VARCHAR2(20 BYTE), 
	"NUM_L" NUMBER, 
	"NOM_CAT" VARCHAR2(20 BYTE)
   ) PCTFREE 10 PCTUSED 40 INITRANS 1 MAXTRANS 255 NOCOMPRESS LOGGING
  STORAGE(INITIAL 65536 NEXT 1048576 MINEXTENTS 1 MAXEXTENTS 2147483645
  PCTINCREASE 0 FREELISTS 1 FREELIST GROUPS 1 BUFFER_POOL DEFAULT)
  TABLESPACE "SYSTEM" ;
--------------------------------------------------------
--  DDL for Table CONGES
--------------------------------------------------------

  CREATE TABLE "MARWA"."CONGES" 
   (	"IDC" VARCHAR2(20 BYTE), 
	"DUREE" NUMBER, 
	"TYPE" VARCHAR2(20 BYTE), 
	"DATEDEB" VARCHAR2(20 BYTE), 
	"DATEFIN" VARCHAR2(20 BYTE)
   ) PCTFREE 10 PCTUSED 40 INITRANS 1 MAXTRANS 255 NOCOMPRESS LOGGING
  STORAGE(INITIAL 65536 NEXT 1048576 MINEXTENTS 1 MAXEXTENTS 2147483645
  PCTINCREASE 0 FREELISTS 1 FREELIST GROUPS 1 BUFFER_POOL DEFAULT)
  TABLESPACE "SYSTEM" ;
--------------------------------------------------------
--  DDL for Table EMPLOYES
--------------------------------------------------------

  CREATE TABLE "MARWA"."EMPLOYES" 
   (	"MATEMP" VARCHAR2(20 BYTE), 
	"DATEEMB" VARCHAR2(20 BYTE), 
	"NOM" VARCHAR2(20 BYTE), 
	"PRENOM" VARCHAR2(20 BYTE), 
	"FONCTION" VARCHAR2(20 BYTE), 
	"CONGEEMP" VARCHAR2(20 BYTE), 
	"SALAIRE" VARCHAR2(20 BYTE), 
	"AGE" VARCHAR2(20 BYTE)
   ) PCTFREE 10 PCTUSED 40 INITRANS 1 MAXTRANS 255 NOCOMPRESS LOGGING
  STORAGE(INITIAL 65536 NEXT 1048576 MINEXTENTS 1 MAXEXTENTS 2147483645
  PCTINCREASE 0 FREELISTS 1 FREELIST GROUPS 1 BUFFER_POOL DEFAULT)
  TABLESPACE "SYSTEM" ;
--------------------------------------------------------
--  DDL for Table FOURNISSEUR
--------------------------------------------------------

  CREATE TABLE "MARWA"."FOURNISSEUR" 
   (	"MATRICULE" VARCHAR2(20 BYTE), 
	"NOM" VARCHAR2(20 BYTE), 
	"ADRESSE" VARCHAR2(20 BYTE), 
	"EMAIL" VARCHAR2(50 BYTE), 
	"TEL" NUMBER
   ) PCTFREE 10 PCTUSED 40 INITRANS 1 MAXTRANS 255 NOCOMPRESS LOGGING
  STORAGE(INITIAL 65536 NEXT 1048576 MINEXTENTS 1 MAXEXTENTS 2147483645
  PCTINCREASE 0 FREELISTS 1 FREELIST GROUPS 1 BUFFER_POOL DEFAULT)
  TABLESPACE "SYSTEM" ;
--------------------------------------------------------
--  DDL for Table HISTORIQUE
--------------------------------------------------------

  CREATE TABLE "MARWA"."HISTORIQUE" 
   (	"ACTION" VARCHAR2(20 BYTE), 
	"DATEE" VARCHAR2(20 BYTE), 
	"FN" VARCHAR2(20 BYTE)
   ) PCTFREE 10 PCTUSED 40 INITRANS 1 MAXTRANS 255 NOCOMPRESS LOGGING
  STORAGE(INITIAL 65536 NEXT 1048576 MINEXTENTS 1 MAXEXTENTS 2147483645
  PCTINCREASE 0 FREELISTS 1 FREELIST GROUPS 1 BUFFER_POOL DEFAULT)
  TABLESPACE "SYSTEM" ;
--------------------------------------------------------
--  DDL for Table JEU
--------------------------------------------------------

  CREATE TABLE "MARWA"."JEU" 
   (	"IDJ" VARCHAR2(20 BYTE), 
	"MAT1" VARCHAR2(20 BYTE), 
	"MAT2" VARCHAR2(20 BYTE), 
	"DATE_DEB" VARCHAR2(20 BYTE), 
	"DATE_FIN" VARCHAR2(20 BYTE), 
	"PRINCIPE" VARCHAR2(100 BYTE), 
	"IDC" VARCHAR2(20 BYTE)
   ) PCTFREE 10 PCTUSED 40 INITRANS 1 MAXTRANS 255 NOCOMPRESS LOGGING
  STORAGE(INITIAL 65536 NEXT 1048576 MINEXTENTS 1 MAXEXTENTS 2147483645
  PCTINCREASE 0 FREELISTS 1 FREELIST GROUPS 1 BUFFER_POOL DEFAULT)
  TABLESPACE "SYSTEM" ;
--------------------------------------------------------
--  DDL for Table LIVRAISONS
--------------------------------------------------------

  CREATE TABLE "MARWA"."LIVRAISONS" 
   (	"NUM_L" NUMBER, 
	"PRIX_L" NUMBER, 
	"DATEL" VARCHAR2(20 BYTE), 
	"ADR_C" VARCHAR2(20 BYTE)
   ) PCTFREE 10 PCTUSED 40 INITRANS 1 MAXTRANS 255 NOCOMPRESS LOGGING
  STORAGE(INITIAL 65536 NEXT 1048576 MINEXTENTS 1 MAXEXTENTS 2147483645
  PCTINCREASE 0 FREELISTS 1 FREELIST GROUPS 1 BUFFER_POOL DEFAULT)
  TABLESPACE "SYSTEM" ;
--------------------------------------------------------
--  DDL for Table MAINTENANCES
--------------------------------------------------------

  CREATE TABLE "MARWA"."MAINTENANCES" 
   (	"REFERENCE" VARCHAR2(20 BYTE), 
	"DATE_PANNE" VARCHAR2(20 BYTE), 
	"PRIX" FLOAT(126), 
	"DESCRIPTION" VARCHAR2(20 BYTE), 
	"ETAT" VARCHAR2(20 BYTE)
   ) PCTFREE 10 PCTUSED 40 INITRANS 1 MAXTRANS 255 NOCOMPRESS LOGGING
  STORAGE(INITIAL 65536 NEXT 1048576 MINEXTENTS 1 MAXEXTENTS 2147483645
  PCTINCREASE 0 FREELISTS 1 FREELIST GROUPS 1 BUFFER_POOL DEFAULT)
  TABLESPACE "SYSTEM" ;
--------------------------------------------------------
--  DDL for Table MATERIAUX
--------------------------------------------------------

  CREATE TABLE "MARWA"."MATERIAUX" 
   (	"REFERENCE" VARCHAR2(20 BYTE), 
	"NOM" VARCHAR2(20 BYTE), 
	"TYPE" VARCHAR2(20 BYTE), 
	"DATE_ACHAT" VARCHAR2(20 BYTE), 
	"PRIX" FLOAT(126)
   ) PCTFREE 10 PCTUSED 40 INITRANS 1 MAXTRANS 255 NOCOMPRESS LOGGING
  STORAGE(INITIAL 65536 NEXT 1048576 MINEXTENTS 1 MAXEXTENTS 2147483645
  PCTINCREASE 0 FREELISTS 1 FREELIST GROUPS 1 BUFFER_POOL DEFAULT)
  TABLESPACE "SYSTEM" ;
--------------------------------------------------------
--  DDL for Table PRODUIT
--------------------------------------------------------

  CREATE TABLE "MARWA"."PRODUIT" 
   (	"REF" VARCHAR2(20 BYTE), 
	"NOM" VARCHAR2(20 BYTE), 
	"STOCK" NUMBER, 
	"PRIX" NUMBER, 
	"M_F" VARCHAR2(20 BYTE)
   ) PCTFREE 10 PCTUSED 40 INITRANS 1 MAXTRANS 255 NOCOMPRESS LOGGING
  STORAGE(INITIAL 65536 NEXT 1048576 MINEXTENTS 1 MAXEXTENTS 2147483645
  PCTINCREASE 0 FREELISTS 1 FREELIST GROUPS 1 BUFFER_POOL DEFAULT)
  TABLESPACE "SYSTEM" ;
--------------------------------------------------------
--  DDL for Table RECLAMATIONS
--------------------------------------------------------

  CREATE TABLE "MARWA"."RECLAMATIONS" 
   (	"ID_CLIENT" VARCHAR2(20 BYTE), 
	"NOM_CATEGORIE" VARCHAR2(30 BYTE), 
	"DATE_REC" VARCHAR2(20 BYTE), 
	"AVIS" VARCHAR2(100 BYTE), 
	"ETAT" VARCHAR2(20 BYTE) DEFAULT NULL
   ) PCTFREE 10 PCTUSED 40 INITRANS 1 MAXTRANS 255 NOCOMPRESS LOGGING
  STORAGE(INITIAL 65536 NEXT 1048576 MINEXTENTS 1 MAXEXTENTS 2147483645
  PCTINCREASE 0 FREELISTS 1 FREELIST GROUPS 1 BUFFER_POOL DEFAULT)
  TABLESPACE "SYSTEM" ;
REM INSERTING into MARWA.CADEAU
SET DEFINE OFF;
Insert into MARWA.CADEAU (ID,CATEGORIE,SOMME,NB) values ('111cu','Chocolat','30','99');
Insert into MARWA.CADEAU (ID,CATEGORIE,SOMME,NB) values ('001aze','Accessoires cuisine','20','1');
REM INSERTING into MARWA.CATEGORIES
SET DEFINE OFF;
Insert into MARWA.CATEGORIES (NOM_CATEGORIE,DATE_FAB,PRIX,DATE_PER,NBR) values ('olaalaa','01/01/2021','90','03/04/2022','9');
Insert into MARWA.CATEGORIES (NOM_CATEGORIE,DATE_FAB,PRIX,DATE_PER,NBR) values ('bibi','01/01/2000','99,9','30/12/2021','5');
Insert into MARWA.CATEGORIES (NOM_CATEGORIE,DATE_FAB,PRIX,DATE_PER,NBR) values ('popola','01/01/2000','555','03/01/2021','543');
Insert into MARWA.CATEGORIES (NOM_CATEGORIE,DATE_FAB,PRIX,DATE_PER,NBR) values ('mmmmm','24/04/2021','70','01/05/2021','88');
Insert into MARWA.CATEGORIES (NOM_CATEGORIE,DATE_FAB,PRIX,DATE_PER,NBR) values ('polapopo','10/04/2021','45,5','09/05/2021','88');
Insert into MARWA.CATEGORIES (NOM_CATEGORIE,DATE_FAB,PRIX,DATE_PER,NBR) values ('miam','01/01/2000','12','03/01/2000','5');
Insert into MARWA.CATEGORIES (NOM_CATEGORIE,DATE_FAB,PRIX,DATE_PER,NBR) values ('fifi','16/04/2021','20','01/05/2021','88');
REM INSERTING into MARWA.CLIENT
SET DEFINE OFF;
Insert into MARWA.CLIENT (MATRICULE,NOM,PRENOM,ADRESSE,TEL,PTS,ID_CADEAU) values ('222','b','b','b','b','20','111cu');
Insert into MARWA.CLIENT (MATRICULE,NOM,PRENOM,ADRESSE,TEL,PTS,ID_CADEAU) values ('333','c','c','c','c','10','001aze');
Insert into MARWA.CLIENT (MATRICULE,NOM,PRENOM,ADRESSE,TEL,PTS,ID_CADEAU) values ('000JFT','riahi','mariem','tunis','12345678','0',null);
Insert into MARWA.CLIENT (MATRICULE,NOM,PRENOM,ADRESSE,TEL,PTS,ID_CADEAU) values ('001JFT','hammami','zahra','bizerte','96385274','0',null);
Insert into MARWA.CLIENT (MATRICULE,NOM,PRENOM,ADRESSE,TEL,PTS,ID_CADEAU) values ('999JFT','benamor','eya','zaghouan','96325874','0',null);
Insert into MARWA.CLIENT (MATRICULE,NOM,PRENOM,ADRESSE,TEL,PTS,ID_CADEAU) values ('111','a','a','a','a','10',null);
REM INSERTING into MARWA.COMMANDES
SET DEFINE OFF;
Insert into MARWA.COMMANDES (ID_COM,NOM_CL,NUM_L,NOM_CAT) values ('985','111','4','bibi');
Insert into MARWA.COMMANDES (ID_COM,NOM_CL,NUM_L,NOM_CAT) values ('147','111','4','popola');
Insert into MARWA.COMMANDES (ID_COM,NOM_CL,NUM_L,NOM_CAT) values ('852','333','95','bibi');
Insert into MARWA.COMMANDES (ID_COM,NOM_CL,NUM_L,NOM_CAT) values ('963','333','4','polapopo');
REM INSERTING into MARWA.CONGES
SET DEFINE OFF;
Insert into MARWA.CONGES (IDC,DUREE,TYPE,DATEDEB,DATEFIN) values ('222','55','bo5l','01/01/2000','02/01/2000');
Insert into MARWA.CONGES (IDC,DUREE,TYPE,DATEDEB,DATEFIN) values ('conge1','30','maternite','01/01/2021','1/02/2021');
Insert into MARWA.CONGES (IDC,DUREE,TYPE,DATEDEB,DATEFIN) values ('conge2','15','maladie','01/01/2002','01/02/2002');
REM INSERTING into MARWA.EMPLOYES
SET DEFINE OFF;
Insert into MARWA.EMPLOYES (MATEMP,DATEEMB,NOM,PRENOM,FONCTION,CONGEEMP,SALAIRE,AGE) values ('emp1','06/01/2009','khec','eyaa','boulanger',null,'5000.2','22');
Insert into MARWA.EMPLOYES (MATEMP,DATEEMB,NOM,PRENOM,FONCTION,CONGEEMP,SALAIRE,AGE) values ('111','01/01/2000','ayari','marwa','manger','222','99990','19');
Insert into MARWA.EMPLOYES (MATEMP,DATEEMB,NOM,PRENOM,FONCTION,CONGEEMP,SALAIRE,AGE) values ('emp2','01/01/2011','kh','eya','caissier','conge1','2000','50');
Insert into MARWA.EMPLOYES (MATEMP,DATEEMB,NOM,PRENOM,FONCTION,CONGEEMP,SALAIRE,AGE) values ('emp3','06/01/2006','khechine ','eya','test',null,'3000.5','15');
REM INSERTING into MARWA.FOURNISSEUR
SET DEFINE OFF;
Insert into MARWA.FOURNISSEUR (MATRICULE,NOM,ADRESSE,EMAIL,TEL) values ('randa216','randa','tunis','randa@gmail.com','26355899');
Insert into MARWA.FOURNISSEUR (MATRICULE,NOM,ADRESSE,EMAIL,TEL) values ('mme123','mme','tuni','belhalima.ines@gmail.com','78596561');
REM INSERTING into MARWA.HISTORIQUE
SET DEFINE OFF;
Insert into MARWA.HISTORIQUE (ACTION,DATEE,FN) values ('Ajouter','30 / 04 / 2021 ','ajout employes ');
Insert into MARWA.HISTORIQUE (ACTION,DATEE,FN) values (null,'30 / 04 / 2021 ','suppression employes');
Insert into MARWA.HISTORIQUE (ACTION,DATEE,FN) values ('affecter','30 / 04 / 2021 ','affectation employes');
REM INSERTING into MARWA.JEU
SET DEFINE OFF;
Insert into MARWA.JEU (IDJ,MAT1,MAT2,DATE_DEB,DATE_FIN,PRINCIPE,IDC) values ('111J','222','333','2021/05/01','2021/05/03','uijuyhgd','111cu');
REM INSERTING into MARWA.LIVRAISONS
SET DEFINE OFF;
Insert into MARWA.LIVRAISONS (NUM_L,PRIX_L,DATEL,ADR_C) values ('9','7865','12-11-2020','1 rue bardo');
Insert into MARWA.LIVRAISONS (NUM_L,PRIX_L,DATEL,ADR_C) values ('71','20000','12-09-2020','1 rue bardo');
Insert into MARWA.LIVRAISONS (NUM_L,PRIX_L,DATEL,ADR_C) values ('63','40000','30-09-2020','1 rue bardo');
Insert into MARWA.LIVRAISONS (NUM_L,PRIX_L,DATEL,ADR_C) values ('50','49000','30-09-2020','1 rue bardo');
Insert into MARWA.LIVRAISONS (NUM_L,PRIX_L,DATEL,ADR_C) values ('10','10000','30-09-2121','1 rue bardo');
Insert into MARWA.LIVRAISONS (NUM_L,PRIX_L,DATEL,ADR_C) values ('4','10000','30-09-2121','1 rue bardo');
Insert into MARWA.LIVRAISONS (NUM_L,PRIX_L,DATEL,ADR_C) values ('95','10000','30-09-2121','1 rue bardo');
Insert into MARWA.LIVRAISONS (NUM_L,PRIX_L,DATEL,ADR_C) values ('34','66000','30-09-2121','1 rue bardo');
Insert into MARWA.LIVRAISONS (NUM_L,PRIX_L,DATEL,ADR_C) values ('999','999','01-01-9999','fyghjk');
REM INSERTING into MARWA.MAINTENANCES
SET DEFINE OFF;
Insert into MARWA.MAINTENANCES (REFERENCE,DATE_PANNE,PRIX,DESCRIPTION,ETAT) values ('dcdc','01/01/2000','80','dtf','repare');
Insert into MARWA.MAINTENANCES (REFERENCE,DATE_PANNE,PRIX,DESCRIPTION,ETAT) values ('1156','01/01/2000','963','frefz','repare');
Insert into MARWA.MAINTENANCES (REFERENCE,DATE_PANNE,PRIX,DESCRIPTION,ETAT) values ('kkom','01/01/2000','135','fefz','en cours');
Insert into MARWA.MAINTENANCES (REFERENCE,DATE_PANNE,PRIX,DESCRIPTION,ETAT) values ('dffc','01/01/2000','5632','ffe','non repare');
Insert into MARWA.MAINTENANCES (REFERENCE,DATE_PANNE,PRIX,DESCRIPTION,ETAT) values ('123abc','01/01/2000','596','efethy','non repare');
Insert into MARWA.MAINTENANCES (REFERENCE,DATE_PANNE,PRIX,DESCRIPTION,ETAT) values ('a','01/01/2000','486','yyuj','non repare');
Insert into MARWA.MAINTENANCES (REFERENCE,DATE_PANNE,PRIX,DESCRIPTION,ETAT) values ('min852','01/01/2000','8562','fgh','non repare');
Insert into MARWA.MAINTENANCES (REFERENCE,DATE_PANNE,PRIX,DESCRIPTION,ETAT) values ('999','01/01/2000','445','sd','non repare');
REM INSERTING into MARWA.MATERIAUX
SET DEFINE OFF;
Insert into MARWA.MATERIAUX (REFERENCE,NOM,TYPE,DATE_ACHAT,PRIX) values ('kkom','pok','electrique','01/01/2000','8');
Insert into MARWA.MATERIAUX (REFERENCE,NOM,TYPE,DATE_ACHAT,PRIX) values ('1156','frigos','electromenager','01/01/1998','9800');
Insert into MARWA.MATERIAUX (REFERENCE,NOM,TYPE,DATE_ACHAT,PRIX) values ('dffc','sdfb','gaz','01/01/2020','665');
Insert into MARWA.MATERIAUX (REFERENCE,NOM,TYPE,DATE_ACHAT,PRIX) values ('123abc','batteuse','electrique','01/01/1299','60');
Insert into MARWA.MATERIAUX (REFERENCE,NOM,TYPE,DATE_ACHAT,PRIX) values ('fouetteuse','fouetteuse','manuel','01/01/2000','50');
Insert into MARWA.MATERIAUX (REFERENCE,NOM,TYPE,DATE_ACHAT,PRIX) values ('min852','minuteur','batterie','01/01/2000','20');
Insert into MARWA.MATERIAUX (REFERENCE,NOM,TYPE,DATE_ACHAT,PRIX) values ('dcdc','tfyg','gaz','01/01/2000','5');
Insert into MARWA.MATERIAUX (REFERENCE,NOM,TYPE,DATE_ACHAT,PRIX) values ('a','a','a','01/01/2000','1');
Insert into MARWA.MATERIAUX (REFERENCE,NOM,TYPE,DATE_ACHAT,PRIX) values ('999','bbb','bbb','01/01/2000','789');
Insert into MARWA.MATERIAUX (REFERENCE,NOM,TYPE,DATE_ACHAT,PRIX) values ('85','jnhgb','bhgfvc','01/01/2000','852');
REM INSERTING into MARWA.PRODUIT
SET DEFINE OFF;
Insert into MARWA.PRODUIT (REF,NOM,STOCK,PRIX,M_F) values ('10','jben','30','2000','randa216');
Insert into MARWA.PRODUIT (REF,NOM,STOCK,PRIX,M_F) values ('1','levure','150','2000','randa216');
Insert into MARWA.PRODUIT (REF,NOM,STOCK,PRIX,M_F) values ('2','test','30','2000','mme123');
Insert into MARWA.PRODUIT (REF,NOM,STOCK,PRIX,M_F) values ('3','macaron','15','3000','mme123');
Insert into MARWA.PRODUIT (REF,NOM,STOCK,PRIX,M_F) values ('4','mabrouk','20','420','mme123');
Insert into MARWA.PRODUIT (REF,NOM,STOCK,PRIX,M_F) values ('6','cake','30','2000','randa216');
REM INSERTING into MARWA.RECLAMATIONS
SET DEFINE OFF;
Insert into MARWA.RECLAMATIONS (ID_CLIENT,NOM_CATEGORIE,DATE_REC,AVIS,ETAT) values ('222','popola','01/01/2000','hujesdzsacf','Non traitee');
Insert into MARWA.RECLAMATIONS (ID_CLIENT,NOM_CATEGORIE,DATE_REC,AVIS,ETAT) values ('111','miam','01/01/2000','ssqsz','En cours');
Insert into MARWA.RECLAMATIONS (ID_CLIENT,NOM_CATEGORIE,DATE_REC,AVIS,ETAT) values ('222','polapopo','01/01/2000','aaqedd','Non traitee');
Insert into MARWA.RECLAMATIONS (ID_CLIENT,NOM_CATEGORIE,DATE_REC,AVIS,ETAT) values ('111','bibi','01/01/2000','azer','Non traitee');
Insert into MARWA.RECLAMATIONS (ID_CLIENT,NOM_CATEGORIE,DATE_REC,AVIS,ETAT) values ('333','bibi','01/01/2000','fyghjkl','Non traitee');
Insert into MARWA.RECLAMATIONS (ID_CLIENT,NOM_CATEGORIE,DATE_REC,AVIS,ETAT) values ('333','fifi','01/01/2000','jaime pas','Non traitee');
Insert into MARWA.RECLAMATIONS (ID_CLIENT,NOM_CATEGORIE,DATE_REC,AVIS,ETAT) values ('333','polapopo','01/01/2000','dfgh','Non traitee');
Insert into MARWA.RECLAMATIONS (ID_CLIENT,NOM_CATEGORIE,DATE_REC,AVIS,ETAT) values ('222','bibi','01/01/2000','gfhj','Traitee');
Insert into MARWA.RECLAMATIONS (ID_CLIENT,NOM_CATEGORIE,DATE_REC,AVIS,ETAT) values ('222','miam','01/01/2000','ujjju','Traitee');
--------------------------------------------------------
--  DDL for Index CADEAUX_PK
--------------------------------------------------------

  CREATE UNIQUE INDEX "MARWA"."CADEAUX_PK" ON "MARWA"."CADEAU" ("ID") 
  PCTFREE 10 INITRANS 2 MAXTRANS 255 COMPUTE STATISTICS 
  STORAGE(INITIAL 65536 NEXT 1048576 MINEXTENTS 1 MAXEXTENTS 2147483645
  PCTINCREASE 0 FREELISTS 1 FREELIST GROUPS 1 BUFFER_POOL DEFAULT)
  TABLESPACE "SYSTEM" ;
--------------------------------------------------------
--  DDL for Index CATEGORIES_PK
--------------------------------------------------------

  CREATE UNIQUE INDEX "MARWA"."CATEGORIES_PK" ON "MARWA"."CATEGORIES" ("NOM_CATEGORIE") 
  PCTFREE 10 INITRANS 2 MAXTRANS 255 COMPUTE STATISTICS 
  STORAGE(INITIAL 65536 NEXT 1048576 MINEXTENTS 1 MAXEXTENTS 2147483645
  PCTINCREASE 0 FREELISTS 1 FREELIST GROUPS 1 BUFFER_POOL DEFAULT)
  TABLESPACE "SYSTEM" ;
--------------------------------------------------------
--  DDL for Index CLIENTS_PK
--------------------------------------------------------

  CREATE UNIQUE INDEX "MARWA"."CLIENTS_PK" ON "MARWA"."CLIENT" ("MATRICULE") 
  PCTFREE 10 INITRANS 2 MAXTRANS 255 COMPUTE STATISTICS 
  STORAGE(INITIAL 65536 NEXT 1048576 MINEXTENTS 1 MAXEXTENTS 2147483645
  PCTINCREASE 0 FREELISTS 1 FREELIST GROUPS 1 BUFFER_POOL DEFAULT)
  TABLESPACE "SYSTEM" ;
--------------------------------------------------------
--  DDL for Index COMMANDES_PK
--------------------------------------------------------

  CREATE UNIQUE INDEX "MARWA"."COMMANDES_PK" ON "MARWA"."COMMANDES" ("ID_COM") 
  PCTFREE 10 INITRANS 2 MAXTRANS 255 COMPUTE STATISTICS 
  STORAGE(INITIAL 65536 NEXT 1048576 MINEXTENTS 1 MAXEXTENTS 2147483645
  PCTINCREASE 0 FREELISTS 1 FREELIST GROUPS 1 BUFFER_POOL DEFAULT)
  TABLESPACE "SYSTEM" ;
--------------------------------------------------------
--  DDL for Index CONGES_PK
--------------------------------------------------------

  CREATE UNIQUE INDEX "MARWA"."CONGES_PK" ON "MARWA"."CONGES" ("IDC") 
  PCTFREE 10 INITRANS 2 MAXTRANS 255 COMPUTE STATISTICS 
  STORAGE(INITIAL 65536 NEXT 1048576 MINEXTENTS 1 MAXEXTENTS 2147483645
  PCTINCREASE 0 FREELISTS 1 FREELIST GROUPS 1 BUFFER_POOL DEFAULT)
  TABLESPACE "SYSTEM" ;
--------------------------------------------------------
--  DDL for Index EMPLOYES_PK
--------------------------------------------------------

  CREATE UNIQUE INDEX "MARWA"."EMPLOYES_PK" ON "MARWA"."EMPLOYES" ("MATEMP") 
  PCTFREE 10 INITRANS 2 MAXTRANS 255 COMPUTE STATISTICS 
  STORAGE(INITIAL 65536 NEXT 1048576 MINEXTENTS 1 MAXEXTENTS 2147483645
  PCTINCREASE 0 FREELISTS 1 FREELIST GROUPS 1 BUFFER_POOL DEFAULT)
  TABLESPACE "SYSTEM" ;
--------------------------------------------------------
--  DDL for Index FOURNISSEUR_PK
--------------------------------------------------------

  CREATE UNIQUE INDEX "MARWA"."FOURNISSEUR_PK" ON "MARWA"."FOURNISSEUR" ("MATRICULE") 
  PCTFREE 10 INITRANS 2 MAXTRANS 255 COMPUTE STATISTICS 
  STORAGE(INITIAL 65536 NEXT 1048576 MINEXTENTS 1 MAXEXTENTS 2147483645
  PCTINCREASE 0 FREELISTS 1 FREELIST GROUPS 1 BUFFER_POOL DEFAULT)
  TABLESPACE "SYSTEM" ;
--------------------------------------------------------
--  DDL for Index JEU_PK
--------------------------------------------------------

  CREATE UNIQUE INDEX "MARWA"."JEU_PK" ON "MARWA"."JEU" ("IDJ") 
  PCTFREE 10 INITRANS 2 MAXTRANS 255 COMPUTE STATISTICS 
  STORAGE(INITIAL 65536 NEXT 1048576 MINEXTENTS 1 MAXEXTENTS 2147483645
  PCTINCREASE 0 FREELISTS 1 FREELIST GROUPS 1 BUFFER_POOL DEFAULT)
  TABLESPACE "SYSTEM" ;
--------------------------------------------------------
--  DDL for Index LIVRAISONS_PK
--------------------------------------------------------

  CREATE UNIQUE INDEX "MARWA"."LIVRAISONS_PK" ON "MARWA"."LIVRAISONS" ("NUM_L") 
  PCTFREE 10 INITRANS 2 MAXTRANS 255 COMPUTE STATISTICS 
  STORAGE(INITIAL 65536 NEXT 1048576 MINEXTENTS 1 MAXEXTENTS 2147483645
  PCTINCREASE 0 FREELISTS 1 FREELIST GROUPS 1 BUFFER_POOL DEFAULT)
  TABLESPACE "SYSTEM" ;
--------------------------------------------------------
--  DDL for Index MAINTENANCES_PK
--------------------------------------------------------

  CREATE UNIQUE INDEX "MARWA"."MAINTENANCES_PK" ON "MARWA"."MAINTENANCES" ("REFERENCE") 
  PCTFREE 10 INITRANS 2 MAXTRANS 255 COMPUTE STATISTICS 
  STORAGE(INITIAL 65536 NEXT 1048576 MINEXTENTS 1 MAXEXTENTS 2147483645
  PCTINCREASE 0 FREELISTS 1 FREELIST GROUPS 1 BUFFER_POOL DEFAULT)
  TABLESPACE "SYSTEM" ;
--------------------------------------------------------
--  DDL for Index MATERIAUX_PK
--------------------------------------------------------

  CREATE UNIQUE INDEX "MARWA"."MATERIAUX_PK" ON "MARWA"."MATERIAUX" ("REFERENCE") 
  PCTFREE 10 INITRANS 2 MAXTRANS 255 COMPUTE STATISTICS 
  STORAGE(INITIAL 65536 NEXT 1048576 MINEXTENTS 1 MAXEXTENTS 2147483645
  PCTINCREASE 0 FREELISTS 1 FREELIST GROUPS 1 BUFFER_POOL DEFAULT)
  TABLESPACE "SYSTEM" ;
--------------------------------------------------------
--  DDL for Index PRODUIT_PK
--------------------------------------------------------

  CREATE UNIQUE INDEX "MARWA"."PRODUIT_PK" ON "MARWA"."PRODUIT" ("REF") 
  PCTFREE 10 INITRANS 2 MAXTRANS 255 COMPUTE STATISTICS 
  STORAGE(INITIAL 65536 NEXT 1048576 MINEXTENTS 1 MAXEXTENTS 2147483645
  PCTINCREASE 0 FREELISTS 1 FREELIST GROUPS 1 BUFFER_POOL DEFAULT)
  TABLESPACE "SYSTEM" ;
--------------------------------------------------------
--  DDL for Index RECLAMATIONS_PK
--------------------------------------------------------

  CREATE UNIQUE INDEX "MARWA"."RECLAMATIONS_PK" ON "MARWA"."RECLAMATIONS" ("ID_CLIENT", "NOM_CATEGORIE") 
  PCTFREE 10 INITRANS 2 MAXTRANS 255 COMPUTE STATISTICS 
  STORAGE(INITIAL 65536 NEXT 1048576 MINEXTENTS 1 MAXEXTENTS 2147483645
  PCTINCREASE 0 FREELISTS 1 FREELIST GROUPS 1 BUFFER_POOL DEFAULT)
  TABLESPACE "SYSTEM" ;
--------------------------------------------------------
--  Constraints for Table CADEAU
--------------------------------------------------------

  ALTER TABLE "MARWA"."CADEAU" ADD CONSTRAINT "CADEAUX_PK" PRIMARY KEY ("ID")
  USING INDEX PCTFREE 10 INITRANS 2 MAXTRANS 255 COMPUTE STATISTICS 
  STORAGE(INITIAL 65536 NEXT 1048576 MINEXTENTS 1 MAXEXTENTS 2147483645
  PCTINCREASE 0 FREELISTS 1 FREELIST GROUPS 1 BUFFER_POOL DEFAULT)
  TABLESPACE "SYSTEM"  ENABLE;
 
  ALTER TABLE "MARWA"."CADEAU" MODIFY ("CATEGORIE" NOT NULL ENABLE);
 
  ALTER TABLE "MARWA"."CADEAU" MODIFY ("SOMME" NOT NULL ENABLE);
 
  ALTER TABLE "MARWA"."CADEAU" MODIFY ("NB" NOT NULL ENABLE);
 
  ALTER TABLE "MARWA"."CADEAU" MODIFY ("ID" NOT NULL ENABLE);
--------------------------------------------------------
--  Constraints for Table CATEGORIES
--------------------------------------------------------

  ALTER TABLE "MARWA"."CATEGORIES" ADD CONSTRAINT "CATEGORIES_PK" PRIMARY KEY ("NOM_CATEGORIE")
  USING INDEX PCTFREE 10 INITRANS 2 MAXTRANS 255 COMPUTE STATISTICS 
  STORAGE(INITIAL 65536 NEXT 1048576 MINEXTENTS 1 MAXEXTENTS 2147483645
  PCTINCREASE 0 FREELISTS 1 FREELIST GROUPS 1 BUFFER_POOL DEFAULT)
  TABLESPACE "SYSTEM"  ENABLE;
 
  ALTER TABLE "MARWA"."CATEGORIES" MODIFY ("NOM_CATEGORIE" NOT NULL ENABLE);
 
  ALTER TABLE "MARWA"."CATEGORIES" MODIFY ("DATE_FAB" NOT NULL ENABLE);
 
  ALTER TABLE "MARWA"."CATEGORIES" MODIFY ("PRIX" NOT NULL ENABLE);
--------------------------------------------------------
--  Constraints for Table CLIENT
--------------------------------------------------------

  ALTER TABLE "MARWA"."CLIENT" ADD CONSTRAINT "CLIENTS_PK" PRIMARY KEY ("MATRICULE")
  USING INDEX PCTFREE 10 INITRANS 2 MAXTRANS 255 COMPUTE STATISTICS 
  STORAGE(INITIAL 65536 NEXT 1048576 MINEXTENTS 1 MAXEXTENTS 2147483645
  PCTINCREASE 0 FREELISTS 1 FREELIST GROUPS 1 BUFFER_POOL DEFAULT)
  TABLESPACE "SYSTEM"  ENABLE;
 
  ALTER TABLE "MARWA"."CLIENT" MODIFY ("MATRICULE" NOT NULL ENABLE);
 
  ALTER TABLE "MARWA"."CLIENT" MODIFY ("NOM" NOT NULL ENABLE);
 
  ALTER TABLE "MARWA"."CLIENT" MODIFY ("PRENOM" NOT NULL ENABLE);
 
  ALTER TABLE "MARWA"."CLIENT" MODIFY ("ADRESSE" NOT NULL ENABLE);
 
  ALTER TABLE "MARWA"."CLIENT" MODIFY ("TEL" NOT NULL ENABLE);
--------------------------------------------------------
--  Constraints for Table COMMANDES
--------------------------------------------------------

  ALTER TABLE "MARWA"."COMMANDES" ADD CONSTRAINT "COMMANDES_PK" PRIMARY KEY ("ID_COM")
  USING INDEX PCTFREE 10 INITRANS 2 MAXTRANS 255 COMPUTE STATISTICS 
  STORAGE(INITIAL 65536 NEXT 1048576 MINEXTENTS 1 MAXEXTENTS 2147483645
  PCTINCREASE 0 FREELISTS 1 FREELIST GROUPS 1 BUFFER_POOL DEFAULT)
  TABLESPACE "SYSTEM"  ENABLE;
 
  ALTER TABLE "MARWA"."COMMANDES" MODIFY ("ID_COM" NOT NULL ENABLE);
 
  ALTER TABLE "MARWA"."COMMANDES" MODIFY ("NOM_CL" NOT NULL ENABLE);
 
  ALTER TABLE "MARWA"."COMMANDES" MODIFY ("NUM_L" NOT NULL ENABLE);
--------------------------------------------------------
--  Constraints for Table CONGES
--------------------------------------------------------

  ALTER TABLE "MARWA"."CONGES" ADD CONSTRAINT "CONGES_PK" PRIMARY KEY ("IDC")
  USING INDEX PCTFREE 10 INITRANS 2 MAXTRANS 255 COMPUTE STATISTICS 
  STORAGE(INITIAL 65536 NEXT 1048576 MINEXTENTS 1 MAXEXTENTS 2147483645
  PCTINCREASE 0 FREELISTS 1 FREELIST GROUPS 1 BUFFER_POOL DEFAULT)
  TABLESPACE "SYSTEM"  ENABLE;
 
  ALTER TABLE "MARWA"."CONGES" MODIFY ("IDC" NOT NULL ENABLE);
 
  ALTER TABLE "MARWA"."CONGES" MODIFY ("DUREE" NOT NULL ENABLE);
 
  ALTER TABLE "MARWA"."CONGES" MODIFY ("TYPE" NOT NULL ENABLE);
 
  ALTER TABLE "MARWA"."CONGES" MODIFY ("DATEDEB" NOT NULL ENABLE);
 
  ALTER TABLE "MARWA"."CONGES" MODIFY ("DATEFIN" NOT NULL ENABLE);
--------------------------------------------------------
--  Constraints for Table EMPLOYES
--------------------------------------------------------

  ALTER TABLE "MARWA"."EMPLOYES" ADD CONSTRAINT "EMPLOYES_PK" PRIMARY KEY ("MATEMP")
  USING INDEX PCTFREE 10 INITRANS 2 MAXTRANS 255 COMPUTE STATISTICS 
  STORAGE(INITIAL 65536 NEXT 1048576 MINEXTENTS 1 MAXEXTENTS 2147483645
  PCTINCREASE 0 FREELISTS 1 FREELIST GROUPS 1 BUFFER_POOL DEFAULT)
  TABLESPACE "SYSTEM"  ENABLE;
 
  ALTER TABLE "MARWA"."EMPLOYES" MODIFY ("DATEEMB" NOT NULL ENABLE);
 
  ALTER TABLE "MARWA"."EMPLOYES" MODIFY ("NOM" NOT NULL ENABLE);
 
  ALTER TABLE "MARWA"."EMPLOYES" MODIFY ("PRENOM" NOT NULL ENABLE);
 
  ALTER TABLE "MARWA"."EMPLOYES" MODIFY ("FONCTION" NOT NULL ENABLE);
 
  ALTER TABLE "MARWA"."EMPLOYES" MODIFY ("MATEMP" NOT NULL ENABLE);
 
  ALTER TABLE "MARWA"."EMPLOYES" MODIFY ("SALAIRE" NOT NULL ENABLE);
 
  ALTER TABLE "MARWA"."EMPLOYES" MODIFY ("AGE" NOT NULL ENABLE);
--------------------------------------------------------
--  Constraints for Table FOURNISSEUR
--------------------------------------------------------

  ALTER TABLE "MARWA"."FOURNISSEUR" ADD CONSTRAINT "FOURNISSEUR_PK" PRIMARY KEY ("MATRICULE")
  USING INDEX PCTFREE 10 INITRANS 2 MAXTRANS 255 COMPUTE STATISTICS 
  STORAGE(INITIAL 65536 NEXT 1048576 MINEXTENTS 1 MAXEXTENTS 2147483645
  PCTINCREASE 0 FREELISTS 1 FREELIST GROUPS 1 BUFFER_POOL DEFAULT)
  TABLESPACE "SYSTEM"  ENABLE;
 
  ALTER TABLE "MARWA"."FOURNISSEUR" MODIFY ("MATRICULE" NOT NULL ENABLE);
 
  ALTER TABLE "MARWA"."FOURNISSEUR" MODIFY ("NOM" NOT NULL ENABLE);
 
  ALTER TABLE "MARWA"."FOURNISSEUR" MODIFY ("ADRESSE" NOT NULL ENABLE);
 
  ALTER TABLE "MARWA"."FOURNISSEUR" MODIFY ("EMAIL" NOT NULL ENABLE);
 
  ALTER TABLE "MARWA"."FOURNISSEUR" MODIFY ("TEL" NOT NULL ENABLE);
--------------------------------------------------------
--  Constraints for Table JEU
--------------------------------------------------------

  ALTER TABLE "MARWA"."JEU" ADD CONSTRAINT "JEU_PK" PRIMARY KEY ("IDJ")
  USING INDEX PCTFREE 10 INITRANS 2 MAXTRANS 255 COMPUTE STATISTICS 
  STORAGE(INITIAL 65536 NEXT 1048576 MINEXTENTS 1 MAXEXTENTS 2147483645
  PCTINCREASE 0 FREELISTS 1 FREELIST GROUPS 1 BUFFER_POOL DEFAULT)
  TABLESPACE "SYSTEM"  ENABLE;
 
  ALTER TABLE "MARWA"."JEU" MODIFY ("IDJ" NOT NULL ENABLE);
 
  ALTER TABLE "MARWA"."JEU" MODIFY ("MAT1" NOT NULL ENABLE);
 
  ALTER TABLE "MARWA"."JEU" MODIFY ("MAT2" NOT NULL ENABLE);
 
  ALTER TABLE "MARWA"."JEU" MODIFY ("DATE_DEB" NOT NULL ENABLE);
 
  ALTER TABLE "MARWA"."JEU" MODIFY ("DATE_FIN" NOT NULL ENABLE);
 
  ALTER TABLE "MARWA"."JEU" MODIFY ("PRINCIPE" NOT NULL ENABLE);
 
  ALTER TABLE "MARWA"."JEU" MODIFY ("IDC" NOT NULL ENABLE);
--------------------------------------------------------
--  Constraints for Table LIVRAISONS
--------------------------------------------------------

  ALTER TABLE "MARWA"."LIVRAISONS" ADD CONSTRAINT "LIVRAISONS_PK" PRIMARY KEY ("NUM_L")
  USING INDEX PCTFREE 10 INITRANS 2 MAXTRANS 255 COMPUTE STATISTICS 
  STORAGE(INITIAL 65536 NEXT 1048576 MINEXTENTS 1 MAXEXTENTS 2147483645
  PCTINCREASE 0 FREELISTS 1 FREELIST GROUPS 1 BUFFER_POOL DEFAULT)
  TABLESPACE "SYSTEM"  ENABLE;
 
  ALTER TABLE "MARWA"."LIVRAISONS" MODIFY ("NUM_L" NOT NULL ENABLE);
 
  ALTER TABLE "MARWA"."LIVRAISONS" MODIFY ("PRIX_L" NOT NULL ENABLE);
 
  ALTER TABLE "MARWA"."LIVRAISONS" MODIFY ("DATEL" NOT NULL ENABLE);
 
  ALTER TABLE "MARWA"."LIVRAISONS" MODIFY ("ADR_C" NOT NULL ENABLE);
--------------------------------------------------------
--  Constraints for Table MAINTENANCES
--------------------------------------------------------

  ALTER TABLE "MARWA"."MAINTENANCES" ADD CONSTRAINT "MAINTENANCES_PK" PRIMARY KEY ("REFERENCE")
  USING INDEX PCTFREE 10 INITRANS 2 MAXTRANS 255 COMPUTE STATISTICS 
  STORAGE(INITIAL 65536 NEXT 1048576 MINEXTENTS 1 MAXEXTENTS 2147483645
  PCTINCREASE 0 FREELISTS 1 FREELIST GROUPS 1 BUFFER_POOL DEFAULT)
  TABLESPACE "SYSTEM"  ENABLE;
 
  ALTER TABLE "MARWA"."MAINTENANCES" MODIFY ("REFERENCE" NOT NULL ENABLE);
 
  ALTER TABLE "MARWA"."MAINTENANCES" MODIFY ("DATE_PANNE" NOT NULL ENABLE);
 
  ALTER TABLE "MARWA"."MAINTENANCES" MODIFY ("PRIX" NOT NULL ENABLE);
 
  ALTER TABLE "MARWA"."MAINTENANCES" MODIFY ("DESCRIPTION" NOT NULL ENABLE);
 
  ALTER TABLE "MARWA"."MAINTENANCES" MODIFY ("ETAT" NOT NULL ENABLE);
--------------------------------------------------------
--  Constraints for Table MATERIAUX
--------------------------------------------------------

  ALTER TABLE "MARWA"."MATERIAUX" ADD CONSTRAINT "MATERIAUX_PK" PRIMARY KEY ("REFERENCE")
  USING INDEX PCTFREE 10 INITRANS 2 MAXTRANS 255 COMPUTE STATISTICS 
  STORAGE(INITIAL 65536 NEXT 1048576 MINEXTENTS 1 MAXEXTENTS 2147483645
  PCTINCREASE 0 FREELISTS 1 FREELIST GROUPS 1 BUFFER_POOL DEFAULT)
  TABLESPACE "SYSTEM"  ENABLE;
 
  ALTER TABLE "MARWA"."MATERIAUX" MODIFY ("REFERENCE" NOT NULL ENABLE);
 
  ALTER TABLE "MARWA"."MATERIAUX" MODIFY ("NOM" NOT NULL ENABLE);
 
  ALTER TABLE "MARWA"."MATERIAUX" MODIFY ("TYPE" NOT NULL ENABLE);
 
  ALTER TABLE "MARWA"."MATERIAUX" MODIFY ("DATE_ACHAT" NOT NULL ENABLE);
 
  ALTER TABLE "MARWA"."MATERIAUX" MODIFY ("PRIX" NOT NULL ENABLE);
--------------------------------------------------------
--  Constraints for Table PRODUIT
--------------------------------------------------------

  ALTER TABLE "MARWA"."PRODUIT" ADD CONSTRAINT "PRODUIT_PK" PRIMARY KEY ("REF")
  USING INDEX PCTFREE 10 INITRANS 2 MAXTRANS 255 COMPUTE STATISTICS 
  STORAGE(INITIAL 65536 NEXT 1048576 MINEXTENTS 1 MAXEXTENTS 2147483645
  PCTINCREASE 0 FREELISTS 1 FREELIST GROUPS 1 BUFFER_POOL DEFAULT)
  TABLESPACE "SYSTEM"  ENABLE;
 
  ALTER TABLE "MARWA"."PRODUIT" MODIFY ("REF" NOT NULL ENABLE);
 
  ALTER TABLE "MARWA"."PRODUIT" MODIFY ("NOM" NOT NULL ENABLE);
 
  ALTER TABLE "MARWA"."PRODUIT" MODIFY ("STOCK" NOT NULL ENABLE);
 
  ALTER TABLE "MARWA"."PRODUIT" MODIFY ("PRIX" NOT NULL ENABLE);
 
  ALTER TABLE "MARWA"."PRODUIT" MODIFY ("M_F" NOT NULL ENABLE);
--------------------------------------------------------
--  Constraints for Table RECLAMATIONS
--------------------------------------------------------

  ALTER TABLE "MARWA"."RECLAMATIONS" ADD CONSTRAINT "RECLAMATIONS_PK" PRIMARY KEY ("ID_CLIENT", "NOM_CATEGORIE")
  USING INDEX PCTFREE 10 INITRANS 2 MAXTRANS 255 COMPUTE STATISTICS 
  STORAGE(INITIAL 65536 NEXT 1048576 MINEXTENTS 1 MAXEXTENTS 2147483645
  PCTINCREASE 0 FREELISTS 1 FREELIST GROUPS 1 BUFFER_POOL DEFAULT)
  TABLESPACE "SYSTEM"  ENABLE;
 
  ALTER TABLE "MARWA"."RECLAMATIONS" MODIFY ("NOM_CATEGORIE" NOT NULL ENABLE);
 
  ALTER TABLE "MARWA"."RECLAMATIONS" MODIFY ("DATE_REC" NOT NULL ENABLE);
 
  ALTER TABLE "MARWA"."RECLAMATIONS" MODIFY ("AVIS" NOT NULL ENABLE);
 
  ALTER TABLE "MARWA"."RECLAMATIONS" MODIFY ("ID_CLIENT" NOT NULL ENABLE);
 
  ALTER TABLE "MARWA"."RECLAMATIONS" MODIFY ("ETAT" NOT NULL ENABLE);
--------------------------------------------------------
--  Ref Constraints for Table CLIENT
--------------------------------------------------------

  ALTER TABLE "MARWA"."CLIENT" ADD CONSTRAINT "CLIENTS_FK1" FOREIGN KEY ("ID_CADEAU")
	  REFERENCES "MARWA"."CADEAU" ("ID") ENABLE;
--------------------------------------------------------
--  Ref Constraints for Table COMMANDES
--------------------------------------------------------

  ALTER TABLE "MARWA"."COMMANDES" ADD CONSTRAINT "COMMANDES_FK1" FOREIGN KEY ("NUM_L")
	  REFERENCES "MARWA"."LIVRAISONS" ("NUM_L") ENABLE;
 
  ALTER TABLE "MARWA"."COMMANDES" ADD CONSTRAINT "COMMANDES_FK2" FOREIGN KEY ("NOM_CAT")
	  REFERENCES "MARWA"."CATEGORIES" ("NOM_CATEGORIE") ENABLE;
 
  ALTER TABLE "MARWA"."COMMANDES" ADD CONSTRAINT "COMMANDES_FK3" FOREIGN KEY ("NOM_CL")
	  REFERENCES "MARWA"."CLIENT" ("MATRICULE") ENABLE;
--------------------------------------------------------
--  Ref Constraints for Table EMPLOYES
--------------------------------------------------------

  ALTER TABLE "MARWA"."EMPLOYES" ADD CONSTRAINT "EMPLOYES_FK1" FOREIGN KEY ("CONGEEMP")
	  REFERENCES "MARWA"."CONGES" ("IDC") ENABLE;
--------------------------------------------------------
--  Ref Constraints for Table MAINTENANCES
--------------------------------------------------------

  ALTER TABLE "MARWA"."MAINTENANCES" ADD CONSTRAINT "MAINTENANCES_FK1" FOREIGN KEY ("REFERENCE")
	  REFERENCES "MARWA"."MATERIAUX" ("REFERENCE") ENABLE;
--------------------------------------------------------
--  Ref Constraints for Table PRODUIT
--------------------------------------------------------

  ALTER TABLE "MARWA"."PRODUIT" ADD CONSTRAINT "PRODUIT_FK1" FOREIGN KEY ("M_F")
	  REFERENCES "MARWA"."FOURNISSEUR" ("MATRICULE") ENABLE;
--------------------------------------------------------
--  Ref Constraints for Table RECLAMATIONS
--------------------------------------------------------

  ALTER TABLE "MARWA"."RECLAMATIONS" ADD CONSTRAINT "RECLAMATIONS_FK1" FOREIGN KEY ("NOM_CATEGORIE")
	  REFERENCES "MARWA"."CATEGORIES" ("NOM_CATEGORIE") ENABLE;
 
  ALTER TABLE "MARWA"."RECLAMATIONS" ADD CONSTRAINT "RECLAMATIONS_FK2" FOREIGN KEY ("ID_CLIENT")
	  REFERENCES "MARWA"."CLIENT" ("MATRICULE") ENABLE;
